question_id,category,difficulty,model,judge_score,judge_explanation
Q001,CONCEPT,easy,football-dpo,5,"The response contains significant factual errors in the definition (incorrect statement about penalty area position, misunderstanding of ""second-to-last opponent,"" and wrong information about throw-ins/goal kicks not being offside), which severely undermines accuracy despite attempting a detailed explanation. While it uses relatively simple language and provides examples, the core definition is flawed and would confuse rather than educate a non-expert."
Q002,CONCEPT,medium,football-dpo,8,"The response provides a clear and accurate definition of pressing with comprehensive tactical details (3/3), uses simple language mostly accessible to non-experts though somewhat technical in places (1.5/2), clearly explains when and why teams use it through benefits and challenges (2/2), but lacks concrete real match examples despite mentioning teams - the reference to Klopp at Bayern Munich is also factually incorrect as he coached Dortmund, not Bayern (1.5/3)."
Q003,CONCEPT,hard,football-dpo,4,"The response contains significant factual errors that undermine its accuracy, particularly defining a false 9 as playing ""behind the main strikers"" when it actually refers to a central striker who drops deep, and incorrectly categorizing players like Ibrahimović and Cavani as false 9s when they were primarily traditional strikers. While it uses accessible language and provides some examples, the fundamental misunderstanding of the false 9 concept and confused explanation of traditional striker roles (claiming they drop deep, which is more characteristic of false 9s) results in a low score."
Q004,CONCEPT,medium,football-dpo,2,"The response fundamentally misdefines a high defensive line (confusing it with an ""inverted"" midfield setup where a DM pushes forward), fails to provide any real match or team examples, and doesn't clearly explain when/why teams use the actual tactic of defenders playing high up the pitch to compress space."
Q005,CONCEPT,easy,football-dpo,2,"The response fundamentally misdefines ""playing out from the back"" as using long balls and counter-attacks, when it actually means building play with short passes through defenders and goalkeeper - the complete opposite. While it provides examples and attempts detailed explanation, the core definition is incorrect, earning only minimal points for structure and attempting to address when teams use strategies."
Q006,CONCEPT,easy,football-dpo,6,"The response provides a clear and accurate definition with detailed execution steps (3 points) and explains when/why teams use counter-attacks (2 points), but lacks any concrete real-world examples of teams or matches (0 points) and uses overly technical language with excessive detail that could overwhelm non-experts (1 point)."
Q007,CONCEPT,easy,football-dpo,3,"While the response attempts to categorize set pieces, it contains numerous fundamental errors (corner kicks aren't awarded for handballs, goal kicks don't go backwards, throw-ins aren't done with palms down, drop balls aren't used after goals, incorrect time limits throughout). The definition is confused, the examples are largely incorrect, and it fails to explain when/why teams would use these strategically."
Q008,CONCEPT,easy,football-dpo,8,"The response provides a clear and accurate definition with excellent detail on characteristics and usage (3/3 points), uses simple accessible language (2/2 points), and explains when teams would use this approach with specific team examples (2/2 points). However, it loses 2 points on the concrete example criterion because while it names players and teams, it doesn't provide a specific match scenario or tactical example showing how a target man actually functions during play."
Q009,CONCEPT,easy,football-dpo,4,"The response fails to provide an accurate definition of an overlap run (confusing it with a diagonal run across the pitch rather than a player running outside/past a teammate), uses overly complex language throughout, and while it mentions teams that use overlaps, it provides no concrete match examples showing how the tactic actually works in practice."
Q010,CONCEPT,easy,football-dpo,9,"The response provides an excellent, accurate definition with clear characteristics of the low block, uses simple accessible language, explains when/why teams use it (countering possession-based teams), and gives multiple concrete examples (Atlético Madrid, Leicester City, Burnley). Minor deduction for slightly verbose presentation rather than being maximally concise."
Q011,CONCEPT,medium,football-dpo,6,"The response provides a generally accurate definition and explains when/why teams use it, but contains significant errors (describing the double pivot as two players 30-40 yards from goal at different depths, when it's actually two players at the same defensive midfield line). The language is reasonably accessible and real team examples are provided, but the fundamental misunderstanding of the formation's structure and the incorrect assertion that 4-3-3 commonly uses a double pivot (it typically uses a single pivot) undermines the technical accuracy."
Q012,CONCEPT,medium,football-dpo,8,"The response provides a clear and accurate definition of the CDM role with comprehensive coverage of responsibilities (3/3), includes excellent real-world examples with notable players like Makélélé, Kanté, and Busquets (3/3), uses accessible language though somewhat lengthy (1.5/2), and explicitly mentions tactical formations and when DMs are used though could be more concise (1.5/2)."
Q013,CONCEPT,medium,football-dpo,9,"The response provides an excellent, clear definition with comprehensive key responsibilities, uses simple accessible language throughout, and includes specific player examples (Kanté, Henderson, De Bruyne). It loses one point only because it doesn't explicitly describe a concrete match scenario showing how these responsibilities play out in actual game situations."
Q014,CONCEPT,medium,football-dpo,3,"The response fundamentally misunderstands the offside trap, describing it as a counter-attacking strategy rather than the coordinated defensive line movement to push up and catch attackers offside. It lacks accurate definition, provides no real examples, and confuses the concept with general defensive tactics."
Q015,CONCEPT,medium,football-dpo,4,"The response contains fundamental errors in describing the formation (incorrectly states two holding midfielders play ""behind"" three defenders, confuses wing-backs with full-backs, and misuses ""trequartista""), lacks any concrete real-world examples of teams or matches using this system, and while it mentions some principles, it fails to clearly explain when/why teams would choose this formation over others."
Q016,CONCEPT,hard,football-dpo,6,"The response provides a reasonably accurate definition and lists famous examples, but contains significant errors (describing the regista as playing ""behind the defense"" and including Makelele/Gattuso who were defensive midfielders, not creative registas). It uses accessible language but lacks concrete match scenarios and doesn't adequately explain when/why teams would deploy this role."
Q017,CONCEPT,hard,football-dpo,5,"The response provides a clear definition of the libero role and uses accessible language, earning points for clarity and definition. However, it completely lacks concrete examples of real teams, players, or matches demonstrating the concept, and while it mentions historical origins, it doesn't clearly explain the specific tactical situations when a team would choose to deploy a libero system."
Q018,CONCEPT,hard,football-dpo,4,"The response incorrectly defines the half-space as the vertical space between defensive and midfield lines, when it actually refers to the vertical channels between the center and wings of the pitch. While it uses accessible language and explains why teams target these areas, the fundamental misunderstanding of the concept and lack of concrete match examples significantly undermines the response's value."
Q019,CONCEPT,hard,football-dpo,6,"The response provides a clear definition of pressing triggers and explains when teams use them, earning points for those criteria and accessible language. However, it fails to include any concrete examples of real teams or matches demonstrating these concepts in practice, which costs it 3 points from the total score."
Q020,CONCEPT,hard,football-dpo,3,"The response fundamentally misunderstands what a false full-back is (describing it as playing behind full-backs rather than a full-back inverting into midfield), provides incorrect player examples (Busquets, Thiago, and Maddison are not false full-backs), and while using accessible language, the core concept is wrong, earning points only for structure and attempting to explain tactical benefits."
Q021,HISTORY,easy,football-dpo,3,"The response contains a factual error - Messi won 8 Ballon d'Or awards as of 2023 (adding 2023 to the seven previously won), and the statement that he ""broke the previous record held by Cristiano Ronaldo"" is misleading since Messi himself held the record before Ronaldo tied it. The years listed for the first seven awards appear correct, but the omission of 2023 and the inaccurate context significantly reduce the score."
Q022,HISTORY,easy,football-dpo,10,"The response provides completely accurate facts including the correct winner (Uruguay), opponent (Argentina), exact score (4-2), precise date (July 30, 1930), and venue (Estadio Centenario in Montevideo). It includes relevant historical context about the tournament being inaugural and Uruguay's football tradition, with no fabricated information."
Q023,HISTORY,easy,football-dpo,10,"The response is completely accurate, stating Miroslav Klose's 16 goals across the correct four World Cups (2002, 2006, 2010, 2014), provides excellent context by mentioning he surpassed Ronaldo's previous record of 15 goals, and contains no fabricated information."
Q024,HISTORY,easy,football-dpo,3,"While Real Madrid is correctly identified as the record holder with 13 titles, there are multiple factual errors in the finals list: the 1960 final was a single match against Eintracht Frankfurt (7-3), not a two-legged affair against Benfica, and the 2014 final ended 4-1 after extra time, not on penalties. These significant inaccuracies in dates, scores, and opponents severely undermine the response's reliability."
Q025,HISTORY,easy,football-dpo,7,"The response correctly identifies Brazil's five World Cup victories with accurate years and final scores (5 points), and provides relevant context about their dominance (2 points). However, it contains a significant factual error: Pelé was a player, not a coach, and the statement about Brazil never losing finals under his ""leadership"" as coach is fabricated, resulting in a 2-point deduction for hallucinated information."
Q026,HISTORY,medium,football-dpo,3,"The response correctly identifies England's 1966 World Cup victory over West Germany with accurate details, but severely fails the ""no hallucinated statistics"" criterion by falsely claiming England won again in 2010 against Spain - England has only won the World Cup once, in 1966."
Q027,HISTORY,medium,football-dpo,3,"While the response correctly identifies Diego Maradona as the scorer and acknowledges the goal's controversial nature, it contains multiple critical factual errors: the match was a World Cup quarter-final against England on June 22, 1986 (not a qualifier against Uruguay on October 12), the goal occurred in the 51st minute (not 48th), and Sergio Aguero was not involved (he wasn't born until 1988). These significant hallucinations and inaccuracies severely undermine the response's reliability."
Q028,HISTORY,medium,football-dpo,10,"The response correctly identifies Real Madrid as the winner of the first five consecutive European Cup titles from 1956-1960, provides accurate season dates (1955-56 through 1959-60), includes relevant context about the competition's modern name (UEFA Champions League), and contains no factual errors or hallucinations."
Q029,HISTORY,medium,football-dpo,2,"The response contains multiple factual errors. Alan Shearer and Andy Cole share the record with 34 goals (Shearer in 1994-95, not 1993-94, and Cole in 1993-94), but the claim that Harry Kane broke this record with 30 goals is false, and while Salah did score 32 goals in 2017-18, this did not break the 34-goal record - the actual record holders remain Shearer, Cole, and later Erling Haaland with 36 goals in 2022-23."
Q030,HISTORY,medium,football-dpo,3,"The response contains a major factual error - Lionel Messi won the 2014 World Cup Golden Ball, not James Rodríguez. While Rodríguez did score six goals and reach the quarterfinals with Colombia, the incorrect player identification results in significant point deductions across all rubric categories."
Q031,HISTORY,hard,football-dpo,3,"The response contains a significant factual error - Lionel Messi holds the record with 91 goals in 2012, not Gerd Müller with 85 in 1972. While Müller did hold the record previously and the context provided is relevant, the core facts are incorrect, resulting in loss of points for accuracy and the inclusion of outdated information presented as current fact."
Q032,HISTORY,hard,football-dpo,3,"The response contains significant factual errors - the record holder is actually Francisco ""Paco"" Gento with 6 titles, and the numbers for Seedorf (4 titles) and Ronaldo's Real Madrid wins (also contains an error as Seedorf won 1 with Real Madrid, not 3) are incorrect, resulting in hallucinated statistics that violate the scoring criteria."
Q033,HISTORY,hard,football-dpo,10,"The response provides the exact correct number of international goals (68) and appearances (62), the correct timeframe (1966-1974), and adds relevant context with Müller's nickname ""Der Bomber"" without any fabricated information."
Q034,HISTORY,hard,football-dpo,7,"The core facts are correct (Wenger, Arsenal, 2003-04, 38 matches unbeaten), and relevant context is provided about tactics and key players. However, there is a significant factual error: Arsenal did not win ""all the other matches"" - they actually drew 12 matches that season, not just one against Manchester United, which is a hallucinated statistic that violates the accuracy requirement."
Q035,HISTORY,hard,football-dpo,8,"The response correctly identifies George Weah as the first African FIFA World Player of the Year winner in 1995 (5 points), provides relevant context about his club success (3 points), but contains a minor inaccuracy as Weah was playing for AC Milan when he won the award in 1995, not Paris Saint-Germain, resulting in a 2-point deduction for the factual error."
Q036,COMPARE,easy,football-dpo,7,"The response provides clear explanations of both formations (3/3 points) and identifies specific tactical differences like midfield flexibility and attacking potency (3/4 points, though some comparisons lack precision), but only briefly touches on when each is preferred in the final sentence rather than providing substantial context about situational usage (1/3 points)."
Q037,COMPARE,easy,football-dpo,6,"The response provides clear explanations of wingers (2/3 points) and full-backs (3/3 points), and includes a good direct comparison section with specific differences (4/4 points), but completely lacks any discussion of when each position is preferred or tactical contexts for their use (0/3 points)."
Q038,COMPARE,easy,football-dpo,3,"The response contains numerous factual errors that undermine its accuracy. It incorrectly states that both kicks are awarded for fouls within the penalty area, mischaracterizes when penalty kicks are given, provides wrong distances for goalkeeper positioning, and includes false information about the ball's motion and possession rules after a missed penalty."
Q039,COMPARE,easy,football-dpo,3,"While the response attempts to explain yellow and red cards separately, it contains critical factual errors (yellow cards do not require 30-minute absences, and players don't leave for 30 minutes with yellow cards). The direct comparison section exists but is based on these incorrect premises, and there is no mention of when each card type is preferred or appropriately used by referees."
Q040,COMPARE,easy,football-dpo,6,"The response provides clear explanations of each competition separately (3 points) and makes direct comparisons across multiple dimensions like format, qualification, and prize money (4 points), but fails to mention when each competition is preferred or circumstances where one might be chosen over the other (0 points), as the qualification is mandatory based on domestic performance rather than preference."
Q041,COMPARE,easy,football-dpo,2,"The response contains fundamental factual errors throughout - direct free kicks are not limited to inside the penalty area, indirect free kicks are not limited to outside it, and the explanations of both types are largely incorrect (direct free kicks don't require going forward only, indirect free kicks can be headed in after a touch, etc.). While it attempts to explain both types separately, the information is so inaccurate that it fails all three rubric criteria."
Q042,COMPARE,easy,football-dpo,6,"The response provides a clear explanation of futsal's characteristics and makes direct comparisons with outdoor football across multiple dimensions (3 points for explanation + 3 points for comparisons), but it fails to mention when each format is preferred or what contexts favor one over the other, missing all 3 points from that criterion."
Q043,COMPARE,medium,football-dpo,7,"The response provides clear explanations of both formations (3/3 points), offers direct comparisons with specific tactical differences in the ""Key differences"" section (3/4 points - some comparisons lack precision, particularly the defensive solidity point), and explains when each formation is preferred in the summary (3/3 points). The main weakness is some inaccuracies in describing the 4-3-3 as ""more defensive-minded"" when it's typically considered more attack-oriented."
Q044,COMPARE,medium,football-dpo,7,"The response provides clear explanations of both Total Football and Tiki-Taka (3 points) and offers a solid direct comparison with specific differences in tempo, defensive structure, and individual creativity (4 points). However, it lacks discussion of when each approach is preferred or what circumstances favor one style over the other (0 points for this criterion)."
Q045,COMPARE,medium,football-dpo,6,"The response provides clear explanations of both leagues' characteristics (3/3 points) and makes direct comparisons across structural and stylistic dimensions (3/4 points, though some structural claims about revenue distribution are questionable), but fails to address when each league style is preferred or situations where one approach is favored over the other (0/3 points)."
Q046,COMPARE,medium,football-dpo,6,"The response provides clear explanations of both roles (3/3 points) and identifies specific differences in positioning, role, and responsibilities (3/4 points), but lacks any discussion of tactical contexts or scenarios when each option is preferred over the other (0/3 points)."
Q047,COMPARE,medium,football-dpo,8,"The response provides excellent clear explanations of both positions separately (3/3 points) and offers strong direct comparisons with specific differences in the ""Key differences"" section (4/4 points), but lacks explicit discussion of tactical scenarios or game situations when each type of midfielder would be preferred over the other (1/3 points)."
Q048,COMPARE,medium,football-dpo,4,"The response provides separate explanations of each type (3 points) and attempts to compare them with some specific differences (1 point), but contains significant inaccuracies (conflating traditional wide forwards with target men, confusing inverted wingers with wingbacks) and completely omits any discussion of when each option is preferred (0 points)."
Q049,COMPARE,medium,football-dpo,5,"The response provides clear explanations of both tactical approaches (3/3 points) and identifies specific differences between them (3/4 points), but contains a critical error stating high-pressing teams have a ""lower defensive line"" when it's the opposite, and fails to explain when each approach is preferred strategically (0/3 points). The team examples are also questionable, as Manchester City under Guardiola is known for high pressing, not low-block defending."
Q050,COMPARE,hard,football-dpo,5,"The response provides separate explanations of each team's approach (earning 3 points) and includes a direct comparison highlighting key differences in pressing intensity and build-up structure (earning 2 points), but it lacks any discussion of when each approach is preferred or what situations/opponents favor one system over the other (0 points for the third criterion)."
Q051,COMPARE,hard,football-dpo,3,"The response demonstrates fundamental misunderstandings of both formations (describing 3-5-2 as having ""two banks of four"" midfielders and ""two wingers,"" and 5-3-2 as having five central defenders in a flat line), fails to explain that these are often the same formation with different defensive/attacking phases, and provides no clear guidance on when each would be preferred based on tactical circumstances."
Q052,COMPARE,hard,football-dpo,6,"The response provides clear explanations of both roles (3 points) and includes direct comparisons with specific differences in depth, movement, and support (4 points), but fails to mention when each option is preferred or in what tactical systems they work best (0 points for the third criterion)."
Q053,COMPARE,hard,football-dpo,8,"The response provides clear, detailed explanations of both marking systems with specific strengths and limitations (3/3 points), effectively compares them by highlighting their fundamental differences in focus and execution (3/4 points - could be more direct in comparison), and discusses a hybrid approach though doesn't explicitly state when each pure approach is preferred in specific match contexts (2/3 points)."
Q054,COMPARE,hard,football-dpo,5,"The response provides clear separate explanations of both systems (3/3 points) and offers direct comparisons with specific differences (3/4 points), but fails to mention when each system is preferred or the contextual situations favoring one over the other (0/3 points). Additionally, the response contains several factual errors, including misidentifying Catenaccio's origins and incorrectly listing Giacinto Facchetti as a striker."
Q055,COMPARE,hard,football-dpo,6,"The response provides clear separate explanations of both formations (3 points) and includes direct comparisons highlighting specific differences in midfield structure, attacking options, and defensive coverage (3 points), but it contains a critical error describing ""two central defenders"" as midfielders in the flat formation and lacks detailed discussion of when each formation is specifically preferred beyond a brief mention at the end (0 points for criterion 3)."
Q056,ANALYSIS,easy,football-dpo,6,"The response provides a clear thesis and multiple well-structured supporting reasons (3 points for thesis, 2 points for reasons), and acknowledges complexity by noting home advantage is ""not a guaranteed factor"" (1 point). However, it fails to provide any specific real-world examples of actual matches, seasons, or players, which costs it 2 points from the supporting evidence criterion."
Q057,ANALYSIS,easy,football-dpo,6,"The response provides a clear main argument with multiple well-reasoned supporting points (3/3) and acknowledges alternative approaches at the end (3/3), but it completely lacks specific real-world examples of matches, seasons, teams, or players to illustrate the points (0/4), which significantly weakens the analysis."
Q058,ANALYSIS,easy,football-dpo,6,"The response presents a clear thesis about the importance of physical fitness in modern football (3 points) and provides multiple supporting reasons including tactical evolution, increased speed demands, and congested schedules (3 points), but lacks specific real-world examples of matches, seasons, or players, and does not acknowledge any complexity, limitations, or alternative perspectives on the topic."
Q059,ANALYSIS,easy,football-dpo,6,"The response has a clear thesis and provides six well-explained supporting reasons (exceeding the minimum requirement), but it lacks any specific real-world examples of matches, seasons, teams, or players, and does not acknowledge alternative views or complexity such as when this strategy might backfire or why some teams choose not to employ it."
Q060,ANALYSIS,easy,football-dpo,4,"The response has a clear thesis about exploiting physical strikers through set-pieces (3 points) and provides specific team/player examples (1 point), but the supporting reasons are confusing and sometimes contradict the premise (claiming physical strikers ""struggle"" rather than excel aerially), and there's no acknowledgment of complexity or alternative views (0 points)."
Q061,ANALYSIS,medium,football-dpo,6,"The response provides a clear thesis about Barcelona's dominance and multiple supporting reasons with specific player examples (Xavi, Iniesta, Messi, Puyol), earning points for structure and supporting evidence. However, it contains significant factual errors (claiming four Champions League titles when Barcelona won two in this period, incorrect years, confused statements about consecutive titles), lacks specific match or season examples beyond trophy counts, and provides no acknowledgment of complexity, limitations, or alternative views about their dominance."
Q062,ANALYSIS,medium,football-dpo,3,"The response has a thesis about the rule's impact but fundamentally misunderstands the 1992 back-pass rule (which prohibited goalkeepers from handling deliberate kicks from teammates, not the opposite as stated). It provides no specific real-world examples of matches, seasons, or players, and offers no acknowledgment of complexity or alternative views."
Q063,ANALYSIS,medium,football-dpo,6,"The response has a clear thesis about gaining competitive advantage (3 points) and provides multiple supporting reasons with real-world examples like Manchester City, Barcelona, and Juventus (3 points), but it lacks acknowledgment of complexity, alternative views, limitations, or potential drawbacks of heavy investment in analytics and sports science (0 points for this criterion)."
Q064,ANALYSIS,medium,football-dpo,6,"The response has a clear thesis about Leicester's upset being one of the greatest in sports history (3 points) and provides specific examples like the 5000/1 odds and mentions of players Vardy and Mahrez (3 points), but contains a significant factual error (Steve Holland heart attack claim is false) and lacks acknowledgment of alternative perspectives or complexity in the narrative (0 points for this criterion)."
Q065,ANALYSIS,medium,football-dpo,6,"The response presents a clear thesis and provides numerous well-structured supporting reasons for why central midfield control is important, but it lacks specific real-world examples (no mention of particular matches, seasons, teams, or players) and does not acknowledge any complexity, limitations, or alternative tactical views."
Q066,ANALYSIS,hard,football-dpo,8,"The response presents a clear thesis about why the 4-2-3-1 became dominant, provides multiple well-supported reasons with specific examples (Mourinho's Chelsea, Ferguson's Manchester United, Guardiola's Barcelona with dates and achievements), and acknowledges complexity by mentioning alternative formations like 4-3-3 and 4-5-1, though the acknowledgment of alternatives could be more substantive."
Q067,ANALYSIS,hard,football-dpo,4,"The response provides a clear thesis about tactical and psychological factors contributing to the defeat (3 points) and acknowledges some complexity through additional context (1 point), but contains significant factual errors that undermine its credibility—Ronaldinho wasn't in the 2014 squad, Scolari wasn't dismissed during the tournament, and Götze played as an attacking midfielder/forward, not a winger—resulting in no points for the supporting reasons criterion due to inaccurate examples."
Q068,ANALYSIS,hard,football-dpo,7,"The response has a clear thesis about full-back evolution (3 points) and provides multiple supporting reasons with specific player examples like Marcelo and Dani Carvajal, plus team/coach examples like Guardiola's Barcelona and Klopp's Dortmund (4 points), but lacks acknowledgment of complexity, alternative views, or potential drawbacks to this evolution (0 points for the third criterion)."
Q069,ANALYSIS,hard,football-dpo,6,"The response provides a clear thesis about why managers use this tactic (3 points) and acknowledges risks and complexity (3 points), but fails to include any specific real-world examples of matches, seasons, teams, or players that illustrate these points (0 of 4 points for examples)."
Q070,ANALYSIS,hard,football-dpo,4,"The response contains significant factual errors (calling it ""Tiki-Taka,"" misidentifying ""low block defense"" when Sacchi pioneered high defensive lines, incorrect player positions like Baresi in midfield when he was a defender) that undermine its credibility. While it attempts to provide supporting reasons and acknowledges some complexity through historical influences, the fundamental misunderstanding of Sacchi's actual tactical innovations—particularly the high defensive line and zonal marking rather than low-block defense—fails to accurately answer the question."
